-0.08177672326564789,0.11084415763616562,0.02083354815840721,-0.04411664605140686,-0.08277266472578049,-0.002200803253799677,-0.04456154257059097,-0.1377909928560257,0.08893288671970367,-0.07848813384771347,0.2416314035654068,-0.08017899096012115,-0.2710719704627991,-0.11158227175474167,-0.08076620101928711,0.1878766566514969,-0.18382298946380615,-0.14047177135944366,-0.09609390795230865,-0.023090818896889687,0.09641749411821365,0.04903377592563629,0.004798253532499075,0.011432169936597347,-0.06586533039808273,-0.3223241865634918,-0.028455963358283043,-0.028717678040266037,0.043486934155225754,-0.06432194262742996,-0.05939347296953201,0.06544343382120132,-0.18031083047389984,-0.04019004851579666,0.05074144899845123,0.11868162453174591,-0.009293869137763977,-0.05683128535747528,0.21124857664108276,0.0011730436235666275,-0.21485678851604462,0.034011147916316986,0.0398213192820549,0.24410437047481537,0.21626365184783936,0.006043427158147097,-0.018725086003541946,-0.17906229197978973,0.1141258031129837,-0.18170206248760223,0.02252885326743126,0.22176210582256317,0.057331450283527374,0.07863238453865051,-0.04139140993356705,-0.08159494400024414,0.024735145270824432,0.12137794494628906,-0.1040886789560318,-0.03748277947306633,0.1313123255968094,-0.11930377036333084,-0.034264758229255676,-0.09843745082616806,0.14172635972499847,0.02133718691766262,-0.11055826395750046,-0.19731876254081726,0.07236598432064056,-0.15187965333461761,-0.13972993195056915,0.02694902941584587,-0.14038588106632233,-0.10849322378635406,-0.3176268935203552,-0.0032153669744729996,0.3860020935535431,0.07292038947343826,-0.20351530611515045,0.040464337915182114,-0.041101567447185516,-0.037751276046037674,0.17250260710716248,0.12957310676574707,-0.026778588071465492,-0.024148480966687202,-0.1084020733833313,0.0300128310918808,0.2308070808649063,-0.061039771884679794,-0.013565070927143097,0.21565359830856323,0.006447207182645798,0.09263215214014053,0.04465286806225777,0.06565985828638077,-0.04583662375807762,0.05735211446881294,-0.10284082591533661,-0.0031687295995652676,0.06973902136087418,-0.0570538267493248,0.02422395348548889,0.1311737298965454,-0.12786996364593506,0.13181737065315247,-0.01011925283819437,0.09627401828765869,0.1079346090555191,-0.0641568973660469,-0.06767202913761139,-0.07000827044248581,0.1436823308467865,-0.16161444783210754,0.1909756064414978,0.1742076426744461,0.056186847388744354,0.04971621558070183,0.16155609488487244,0.1120414212346077,-0.020686812698841095,-0.0026611462235450745,-0.24642376601696014,-0.03174261376261711,0.0824606791138649,0.004666246008127928,0.06498934328556061,-0.007909204810857773
-0.08742039650678635,0.14510807394981384,-0.02961071953177452,0.007657673209905624,-0.05012010037899017,-0.03801475092768669,-0.057884782552719116,-0.14441238343715668,0.11951661854982376,-0.04366851598024368,0.27302950620651245,-0.08689585328102112,-0.25307342410087585,-0.0991983711719513,-0.08079744875431061,0.16197550296783447,-0.18864008784294128,-0.11186337471008301,-0.06862635910511017,-0.006766858510673046,0.12392229586839676,-0.07405035197734833,0.046987779438495636,0.046376362442970276,-0.08186276257038116,-0.33016955852508545,-0.1014881581068039,-0.05168940871953964,0.08589853346347809,-0.06956407427787781,-0.0004021860659122467,-0.04054522514343262,-0.1578230857849121,-0.05731363222002983,0.02424875646829605,0.06235380098223686,-0.02259916625916958,-0.03741838037967682,0.22865498065948486,-0.03370802104473114,-0.20667918026447296,0.03276530280709267,0.04865420609712601,0.2482723742723465,0.20421399176120758,0.06639357656240463,0.02228260412812233,-0.1890007108449936,0.09632709622383118,-0.11564764380455017,-0.0067128948867321014,0.20764030516147614,0.07944611459970474,0.07240656018257141,-0.03517194837331772,-0.05209699273109436,0.0324656143784523,0.14908742904663086,-0.15322965383529663,-0.020004257559776306,0.11213419586420059,-0.07380722463130951,-0.043092455714941025,-0.0822485014796257,0.1681583821773529,0.033601921051740646,-0.11565198004245758,-0.22515590488910675,0.12293927371501923,-0.1961871087551117,-0.11261466145515442,0.053131233900785446,-0.11376238614320755,-0.16021719574928284,-0.33519306778907776,-0.01644337736070156,0.44904232025146484,0.07597390562295914,-0.1497132033109665,0.06784895807504654,-0.05984989553689957,-0.06266128271818161,0.10833856463432312,0.11774502694606781,-0.0505637526512146,-0.02966247871518135,-0.12498383224010468,-0.025193650275468826,0.21176138520240784,-0.07513514161109924,0.0015109686646610498,0.14971528947353363,0.009354460053145885,0.08486513048410416,0.03558579832315445,0.06981917470693588,-0.1121886819601059,0.07140052318572998,-0.10075651854276657,-0.03163786232471466,-6.349664181470871e-05,-0.060439582914114,0.03947385400533676,0.05722719058394432,-0.13697859644889832,0.14783655107021332,0.03074144385755062,0.04882144182920456,0.05921507626771927,0.034816887229681015,-0.09274667501449585,-0.09216746687889099,0.1511373072862625,-0.23301291465759277,0.1976998746395111,0.2012883573770523,0.0989425852894783,0.06073343753814697,0.15043823421001434,0.1442497968673706,-0.024148419499397278,0.04932081326842308,-0.20169632136821747,-0.033734068274497986,-0.006333942525088787,-0.029344158247113228,0.0695217177271843,-0.01861848123371601
-0.07043307274580002,0.13854770362377167,0.029287690296769142,0.003009017091244459,-0.04583362489938736,-0.04493320733308792,-0.06535650044679642,-0.15144670009613037,0.1059882789850235,-0.05779987573623657,0.27926281094551086,-0.08126721531152725,-0.2324642688035965,-0.07470645755529404,-0.04548478499054909,0.16072630882263184,-0.20190802216529846,-0.09584072977304459,-0.08884906768798828,0.009643493220210075,0.09314288198947906,-0.07329145818948746,0.05567851662635803,0.008717872202396393,-0.053322210907936096,-0.3493625223636627,-0.12532298266887665,-0.024914920330047607,0.08272548019886017,-0.0643896833062172,0.009581431746482849,-0.031815238296985626,-0.15622369945049286,-0.036774132400751114,0.02491495944559574,0.07265369594097137,-0.0507369227707386,-0.059275072067976,0.23822900652885437,-0.04911954700946808,-0.20594477653503418,0.06840360164642334,0.03201092779636383,0.22015707194805145,0.21638497710227966,0.06037644296884537,0.030728328973054886,-0.185424342751503,0.1045631617307663,-0.14821656048297882,-0.006068350747227669,0.2133064717054367,0.06275098025798798,0.07274656742811203,-0.021282397210597992,-0.043684326112270355,0.030731279402971268,0.15350094437599182,-0.14274030923843384,0.003295816946774721,0.11953338235616684,-0.10141804814338684,-0.03727968782186508,-0.08699850738048553,0.1383257508277893,0.044154077768325806,-0.12190386652946472,-0.22643540799617767,0.083655446767807,-0.18923060595989227,-0.10441587120294571,0.06601937115192413,-0.13525721430778503,-0.1860218197107315,-0.34783270955085754,-0.00805867649614811,0.46394485235214233,0.07327710837125778,-0.15332382917404175,0.04638553783297539,-0.045060645788908005,-0.06374456733465195,0.11179859936237335,0.13515745103359222,-0.04611583054065704,-0.04671381413936615,-0.12476194649934769,-0.004245121031999588,0.23245836794376373,-0.08798236399888992,-0.0158783458173275,0.1642732471227646,-0.004245476797223091,0.10725071281194687,-0.0037755188532173634,0.05728324502706528,-0.06564854085445404,0.04634246230125427,-0.11108553409576416,-0.020463407039642334,-0.0006243670359253883,-0.05449496582150459,0.007088956888765097,0.058618344366550446,-0.1355270892381668,0.14625822007656097,0.018431177362799644,0.04491262137889862,0.058768369257450104,0.01286353264003992,-0.10289201885461807,-0.07269521802663803,0.16791653633117676,-0.24300675094127655,0.1949937492609024,0.24186177551746368,0.0827399268746376,0.05131107568740845,0.14586351811885834,0.13624756038188934,-0.02089564874768257,0.04975121468305588,-0.19862736761569977,-0.030014384537935257,-0.009703217074275017,0.014201300218701363,0.05881353095173836,-0.024864856153726578
-0.09605614840984344,0.11999024450778961,-0.01681518740952015,-0.012341925874352455,-0.059501517564058304,-0.04318513348698616,-0.08823096752166748,-0.1481619030237198,0.11128304153680801,-0.07548470795154572,0.2546113133430481,-0.05646013841032982,-0.21517427265644073,-0.11228273808956146,-0.08294424414634705,0.14963892102241516,-0.22283817827701569,-0.10983731597661972,-0.04106844961643219,-0.020465821027755737,0.1048097014427185,-0.043182045221328735,0.01819818839430809,0.051193587481975555,-0.10675416886806488,-0.3104496896266937,-0.09043918550014496,-0.04677253216505051,0.07915399223566055,-0.04176776111125946,-0.03390388935804367,-0.028339052572846413,-0.1603003591299057,-0.04798140004277229,0.03809219226241112,0.086524598300457,-0.021048713475465775,-0.04515008628368378,0.21981120109558105,-0.024318158626556396,-0.18392078578472137,0.03917402774095535,0.045137614011764526,0.26823437213897705,0.21329885721206665,0.04439196735620499,0.023504316806793213,-0.17788860201835632,0.1548459678888321,-0.1371089071035385,-0.00214526429772377,0.22381280362606049,0.0669221505522728,0.06417261809110641,-0.030443212017416954,-0.0681188628077507,0.022117778658866882,0.1428907811641693,-0.127715602517128,0.0009655146859586239,0.09922251850366592,-0.06445817649364471,-0.027080610394477844,-0.08878006041049957,0.1548595279455185,0.04534700885415077,-0.12610584497451782,-0.2351190149784088,0.0942678228020668,-0.20824161171913147,-0.11709949374198914,0.04806944355368614,-0.13393644988536835,-0.15646687150001526,-0.35386136174201965,-0.029861148446798325,0.41454198956489563,0.09381843358278275,-0.14012566208839417,0.058949291706085205,-0.04875180870294571,-0.06154254078865051,0.1353713572025299,0.13750676810741425,-0.045294877141714096,-0.008161414414644241,-0.1140502393245697,0.0032990332692861557,0.24043968319892883,-0.05773814767599106,-0.010292977094650269,0.1686839610338211,0.014282356947660446,0.08968836814165115,0.023725543171167374,0.06525196880102158,-0.10999180376529694,0.05465500429272652,-0.09506133943796158,-0.006733598653227091,0.0214601568877697,-0.04785458743572235,0.052914105355739594,0.09683169424533844,-0.13710632920265198,0.145598903298378,0.010315925814211369,0.07288219034671783,0.05489795655012131,0.008459493517875671,-0.11301559954881668,-0.08201979845762253,0.14674335718154907,-0.20266872644424438,0.19379889965057373,0.19289454817771912,0.10925216972827911,0.05876743048429489,0.15058554708957672,0.09845474362373352,-0.03779911622405052,0.042556338012218475,-0.18730300664901733,-0.030347628518939018,-0.020337527617812157,-0.032776616513729095,0.08406447619199753,-0.026972439140081406
-0.08231034874916077,0.09707215428352356,-0.013281554915010929,-0.025506632402539253,-0.06684932857751846,-0.038099031895399094,-0.07599962502717972,-0.15393629670143127,0.12570403516292572,-0.0883176252245903,0.2582131326198578,-0.08311434835195541,-0.22420871257781982,-0.11957370489835739,-0.06870036572217941,0.14862893521785736,-0.21114255487918854,-0.12064798921346664,-0.040157705545425415,-0.01095719076693058,0.08821864426136017,-0.04966839775443077,0.0580817274749279,0.02966146729886532,-0.11113031953573227,-0.33363673090934753,-0.10116545110940933,-0.04762321338057518,0.10235337913036346,-0.06120488420128822,-0.03422926366329193,-0.01979166641831398,-0.17483781278133392,-0.05231340974569321,0.030810976400971413,0.08476325124502182,-0.033079128712415695,-0.034451425075531006,0.21788828074932098,-0.026976484805345535,-0.20038270950317383,0.02482651174068451,0.04047764092683792,0.2534475028514862,0.2003171741962433,0.044790640473365784,0.008761643432080746,-0.18632568418979645,0.1089823991060257,-0.10536107420921326,0.016092989593744278,0.20365311205387115,0.07917828857898712,0.061205074191093445,-0.007089551538228989,-0.03967028111219406,0.02155267633497715,0.15977329015731812,-0.1349145770072937,0.004615824203938246,0.11326948553323746,-0.049141302704811096,-0.01560441218316555,-0.08836515247821808,0.1549234688282013,0.024503836408257484,-0.1067204549908638,-0.22912266850471497,0.10317585617303848,-0.18364189565181732,-0.10589331388473511,0.06937607377767563,-0.1188901886343956,-0.15281863510608673,-0.3374669551849365,-0.045178115367889404,0.3978079557418823,0.08907737582921982,-0.14006513357162476,0.04016388952732086,-0.04743020236492157,-0.07687963545322418,0.12556007504463196,0.10987195372581482,-0.04883106052875519,-0.009010675363242626,-0.11401776224374771,0.005344828590750694,0.21215537190437317,-0.06926273554563522,-0.0048332903534173965,0.1513870507478714,0.005221027880907059,0.07559105008840561,0.021116796880960464,0.05999899283051491,-0.12282750010490417,0.070944644510746,-0.11219599097967148,-0.03922228515148163,0.019871756434440613,-0.050904542207717896,0.051615823060274124,0.09720903635025024,-0.13064250349998474,0.1452762633562088,0.02603459171950817,0.04104946553707123,0.06340629607439041,0.029073338955640793,-0.09503229707479477,-0.09901297092437744,0.13668030500411987,-0.22784662246704102,0.186373770236969,0.19908574223518372,0.1079043298959732,0.0542597733438015,0.12855079770088196,0.10472749918699265,-0.04313354939222336,0.04238412529230118,-0.17875120043754578,-0.024743495509028435,-0.01947607472538948,-0.022740619257092476,0.08993504196405411,-0.016291387379169464
-0.05600844323635101,0.14128541946411133,0.011531908065080643,-0.03186339512467384,-0.0631469264626503,-0.059916749596595764,-0.08675706386566162,-0.15018804371356964,0.11476036161184311,-0.08679401129484177,0.26615220308303833,-0.07510489225387573,-0.2080402970314026,-0.10152231156826019,-0.07383427023887634,0.1640888899564743,-0.22553755342960358,-0.11911021173000336,-0.06720709055662155,0.0029852688312530518,0.09806659072637558,-0.03717999905347824,0.026094108819961548,0.014332841150462627,-0.09407652914524078,-0.3110571801662445,-0.10024023801088333,-0.040820226073265076,0.08125236630439758,-0.06178320571780205,-0.042498838156461716,-0.014901605434715748,-0.17697319388389587,-0.05761396884918213,0.04603085666894913,0.09021595120429993,-0.052377015352249146,-0.03554278612136841,0.21605221927165985,-0.03585364297032356,-0.19199955463409424,0.06450635194778442,0.05560607463121414,0.24628391861915588,0.2434813529253006,0.04959195852279663,0.012856772169470787,-0.19139619171619415,0.11997207999229431,-0.11742302030324936,0.028618764132261276,0.20138637721538544,0.08206023275852203,0.11177528649568558,-0.015525806695222855,-0.0701482892036438,0.034525927156209946,0.16032081842422485,-0.11901845037937164,-0.000563453184440732,0.13288523256778717,-0.08522945642471313,-0.013107122853398323,-0.06000731885433197,0.17609116435050964,0.03654676303267479,-0.10601437091827393,-0.22807899117469788,0.11763633042573929,-0.17579221725463867,-0.11612112075090408,0.05291302129626274,-0.12920686602592468,-0.1288253217935562,-0.30845457315444946,-0.030110737308859825,0.43328598141670227,0.08161492645740509,-0.1696142554283142,0.03637097403407097,-0.04425240680575371,-0.07871982455253601,0.1383042186498642,0.11494598537683487,-0.04133247584104538,-0.03655276447534561,-0.11926001310348511,0.014708436094224453,0.2508688271045685,-0.07040032744407654,-0.0019714445807039738,0.15646034479141235,0.011204869486391544,0.08123937249183655,0.029468849301338196,0.025159073993563652,-0.09754715859889984,0.06994697451591492,-0.12057735025882721,-0.035968732088804245,-0.0007587531581521034,-0.06182720884680748,0.008110757917165756,0.11078751087188721,-0.11043718457221985,0.15792860090732574,0.028761183843016624,0.06625343859195709,0.04148110747337341,0.02119557186961174,-0.07922112941741943,-0.0831763744354248,0.14567941427230835,-0.19437319040298462,0.22725076973438263,0.17929036915302277,0.10392595082521439,0.04690707474946976,0.12740656733512878,0.1273338347673416,-0.024135887622833252,0.029283326119184494,-0.20546044409275055,-0.023283524438738823,-0.0026384275406599045,-0.004968211054801941,0.11139532178640366,-0.007132207974791527
-0.06970840692520142,0.1072872132062912,-0.001229331362992525,0.00012610619887709618,-0.0658700242638588,-0.0642816349864006,-0.07283603399991989,-0.15076830983161926,0.10483366250991821,-0.07927682250738144,0.262575626373291,-0.08675973117351532,-0.19651220738887787,-0.11461922526359558,-0.06560405343770981,0.16234540939331055,-0.20874164998531342,-0.12381505966186523,-0.0690656527876854,-0.014100804924964905,0.08240648359060287,-0.059089966118335724,0.04750720411539078,0.04053986445069313,-0.1125326007604599,-0.3336164355278015,-0.09535639733076096,-0.06027107685804367,0.09601856768131256,-0.07447971403598785,-0.044783469289541245,0.004250597208738327,-0.17820821702480316,-0.05441342294216156,0.023819107562303543,0.0792018249630928,-0.03850671648979187,-0.05712917447090149,0.23710200190544128,-0.0232789795845747,-0.19813641905784607,0.04169205576181412,0.020610425621271133,0.2576481103897095,0.24033142626285553,0.020540893077850342,0.015356897376477718,-0.18259373307228088,0.12435654550790787,-0.12069643288850784,-0.004225397482514381,0.21050480008125305,0.07204636186361313,0.07740242779254913,-0.0389176644384861,-0.04030623659491539,0.032741088420152664,0.14263056218624115,-0.14792318642139435,-0.0046571968123316765,0.09980455040931702,-0.06941276788711548,-0.030377626419067383,-0.07386717945337296,0.15387065708637238,0.04844317212700844,-0.11467905342578888,-0.20941002666950226,0.11572869122028351,-0.1966148316860199,-0.09169309586286545,0.04806802049279213,-0.1343105584383011,-0.15933507680892944,-0.34545356035232544,-0.03765660524368286,0.41412046551704407,0.06406045705080032,-0.17800848186016083,0.016091955825686455,-0.04004501551389694,-0.07604462653398514,0.13935376703739166,0.13514091074466705,-0.05392502248287201,-0.045481305569410324,-0.11641617119312286,0.0179574117064476,0.23098982870578766,-0.06905516237020493,-0.009297272190451622,0.16096195578575134,0.008400666527450085,0.07337019592523575,0.032033342868089676,0.08011966198682785,-0.10338366776704788,0.0681433156132698,-0.10476592928171158,-0.0012676217593252659,0.023601491004228592,-0.0619439072906971,0.017153196036815643,0.11323521286249161,-0.10872530937194824,0.14402414858341217,0.02257220819592476,0.053658246994018555,0.06164659187197685,0.0029364805668592453,-0.10379250347614288,-0.11208575963973999,0.14540469646453857,-0.18836437165737152,0.18430373072624207,0.2085307240486145,0.08328036963939667,0.04522616043686867,0.12315820902585983,0.1167750209569931,-0.044480953365564346,0.041055403649806976,-0.20622344315052032,-0.008712348528206348,-0.007932780310511589,-0.01448291540145874,0.0577702634036541,-0.026965122669935226
-0.07354528456926346,0.11354076117277145,-0.00576867675408721,-0.024609399959445,-0.08048422634601593,-0.03646142780780792,-0.0706847682595253,-0.14204449951648712,0.13012094795703888,-0.06809140741825104,0.2532517611980438,-0.10085806995630264,-0.23761558532714844,-0.11996015906333923,-0.059227682650089264,0.16787338256835938,-0.19225545227527618,-0.11560621857643127,-0.04259766638278961,-0.0013807881623506546,0.0984017625451088,-0.04777168482542038,0.04709475487470627,0.04194214940071106,-0.10156062245368958,-0.3209499418735504,-0.08097587525844574,-0.03415745496749878,0.07006236165761948,-0.08832253515720367,-0.04088877886533737,-0.00855915155261755,-0.17208632826805115,-0.06572539359331131,0.03828318417072296,0.07478004693984985,-0.021059181541204453,-0.041177112609148026,0.23193120956420898,-0.03855600953102112,-0.21300479769706726,0.013071222230792046,0.04689949378371239,0.25251781940460205,0.1860402226448059,0.04625377804040909,-0.0029679741710424423,-0.17764367163181305,0.10823250561952591,-0.11328987032175064,0.03374933823943138,0.20362889766693115,0.0501166507601738,0.056743770837783813,-0.02221592701971531,-0.06754477322101593,0.03033759631216526,0.1620132327079773,-0.12339913100004196,0.0017994395457208157,0.12498068064451218,-0.07023529708385468,-0.019775761291384697,-0.08592293411493301,0.1569160670042038,0.006543136201798916,-0.0955677181482315,-0.2199857085943222,0.06588687747716904,-0.16380353271961212,-0.09909936785697937,0.06224397197365761,-0.13369926810264587,-0.16208378970623016,-0.347766637802124,-0.03446097671985626,0.39728352427482605,0.0898948684334755,-0.18006303906440735,0.03685224801301956,-0.02524120733141899,-0.06804309785366058,0.15094254910945892,0.12108209729194641,-0.035343997180461884,0.006753426045179367,-0.123759925365448,0.009859912097454071,0.21788208186626434,-0.06720399856567383,-0.008303768932819366,0.17550189793109894,0.013504204340279102,0.06756550073623657,0.02321557141840458,0.04458736628293991,-0.09470474720001221,0.05988505855202675,-0.12118712067604065,-0.04149778187274933,0.04688936844468117,-0.049484170973300934,0.03406115993857384,0.10379575192928314,-0.16069942712783813,0.1393725425004959,0.03417934849858284,0.04591261222958565,0.04732173681259155,0.010727981105446815,-0.09794823080301285,-0.09322724491357803,0.15308740735054016,-0.20036357641220093,0.17986594140529633,0.19767887890338898,0.12143194675445557,0.05779695883393288,0.13053777813911438,0.1050296500325203,-0.028269169852137566,0.03808720409870148,-0.17027173936367035,-0.009394756518304348,0.0159669928252697,-0.017732243984937668,0.11807509511709213,-0.008960625156760216
-0.07703766971826553,0.12448965013027191,-0.026072220876812935,-0.03422966226935387,-0.07013781368732452,-0.0403103306889534,-0.08990226686000824,-0.1307365894317627,0.12838047742843628,-0.0800294280052185,0.2437187135219574,-0.08074405044317245,-0.23064589500427246,-0.09880800545215607,-0.06533887982368469,0.1404213011264801,-0.21623916923999786,-0.09872902184724808,-0.0343465730547905,0.004516652785241604,0.0891488790512085,-0.04877503216266632,0.045259229838848114,0.033477939665317535,-0.10692061483860016,-0.31369253993034363,-0.08627258986234665,-0.061233650892972946,0.08532697707414627,-0.05887478590011597,-0.05409371852874756,-0.0007202262640930712,-0.1669505089521408,-0.06228894740343094,0.04617972671985626,0.08641592413187027,-0.018994394689798355,-0.01708028092980385,0.2225801795721054,-0.01703203096985817,-0.19627641141414642,0.024431077763438225,0.03246057778596878,0.26362594962120056,0.19369664788246155,0.05945251137018204,-0.0008535031229257584,-0.1802566647529602,0.13715259730815887,-0.12233790010213852,0.026770304888486862,0.21046727895736694,0.0780414268374443,0.06333024054765701,-0.01837550289928913,-0.06495236605405807,0.048651330173015594,0.1433798223733902,-0.1366717368364334,-0.013461524620652199,0.11746560037136078,-0.05248851329088211,-0.014808038249611855,-0.07413868606090546,0.16956035792827606,0.02169608883559704,-0.10129304975271225,-0.21295717358589172,0.09129262715578079,-0.17418211698532104,-0.09690629690885544,0.06622679531574249,-0.12555277347564697,-0.1460278332233429,-0.32721543312072754,-0.03534318506717682,0.3963998854160309,0.10370228439569473,-0.14690332114696503,0.040593188256025314,-0.06052747741341591,-0.09176628291606903,0.1265854835510254,0.11128505319356918,-0.05969160795211792,-0.007492009550333023,-0.10691933333873749,-0.0018179276958107948,0.22645987570285797,-0.07862333953380585,0.008512631058692932,0.15860198438167572,0.023369750007987022,0.07987473160028458,0.015622598119080067,0.033249348402023315,-0.12226173281669617,0.04545082151889801,-0.11586631834506989,-0.04526057466864586,0.01950906217098236,-0.06532842665910721,0.025370514020323753,0.12030951678752899,-0.17998048663139343,0.13334546983242035,0.02500254288315773,0.025503352284431458,0.05813460424542427,0.022776808589696884,-0.0825406163930893,-0.11118688434362411,0.13844828307628632,-0.21063801646232605,0.17382362484931946,0.19912631809711456,0.12094622105360031,0.05606811121106148,0.12479611486196518,0.09383323788642883,-0.03343000262975693,0.04181082546710968,-0.17988061904907227,-0.0362185575067997,0.00925399549305439,-0.010686212219297886,0.07533760368824005,-0.028609145432710648
-0.07870691269636154,0.12526269257068634,0.010144708678126335,-0.03837014362215996,-0.09184877574443817,-0.030712462961673737,-0.10790972411632538,-0.1325097382068634,0.12429459393024445,-0.08686714619398117,0.2513657212257385,-0.06550537049770355,-0.2386096715927124,-0.0918021947145462,-0.09184331446886063,0.14915281534194946,-0.20716865360736847,-0.1374611109495163,-0.025013891980051994,0.007985644042491913,0.11343394964933395,-0.03425038605928421,0.017861975356936455,0.015676412731409073,-0.12825751304626465,-0.32298555970191956,-0.07335758209228516,-0.029642198234796524,0.07030124962329865,-0.06798852235078812,-0.04556458443403244,0.024115074425935745,-0.1829100251197815,-0.029643969610333443,0.03173942118883133,0.10521054267883301,-0.017840400338172913,-0.02613639086484909,0.21362754702568054,-0.010474522598087788,-0.21734242141246796,0.047169700264930725,0.015160493552684784,0.24683162569999695,0.2109755128622055,0.02124912478029728,0.016270775347948074,-0.18082106113433838,0.12076114118099213,-0.13005568087100983,0.012931335717439651,0.24070127308368683,0.06887108087539673,0.08252359181642532,-0.03267001733183861,-0.06719644367694855,0.020411202684044838,0.15007005631923676,-0.11951318383216858,-0.0023027125280350447,0.12623371183872223,-0.08269800990819931,-0.007973582483828068,-0.10822607576847076,0.14884723722934723,0.022629184648394585,-0.10793570429086685,-0.22644798457622528,0.10220243036746979,-0.172356978058815,-0.11932724714279175,0.06658682972192764,-0.13758732378482819,-0.14134187996387482,-0.3267592787742615,-0.026701275259256363,0.3833552896976471,0.10636484622955322,-0.16077767312526703,0.051673002541065216,-0.04262110963463783,-0.06465346366167068,0.11271441727876663,0.11109523475170135,-0.04215110093355179,0.01030320581048727,-0.10336054116487503,0.014071522280573845,0.24600642919540405,-0.051944658160209656,-0.002125533763319254,0.17474240064620972,0.014898085035383701,0.09899096935987473,0.032381799072027206,0.04186486080288887,-0.08900108933448792,0.039306413382291794,-0.10997241735458374,-0.020670471712946892,-0.012066751718521118,-0.0747244730591774,0.02507731132209301,0.11522869765758514,-0.12328942120075226,0.14702439308166504,0.007968192920088768,0.0692761093378067,0.03516393527388573,0.027931366115808487,-0.08127079159021378,-0.08953577280044556,0.14496174454689026,-0.20385323464870453,0.20790068805217743,0.1871955692768097,0.12455947697162628,0.04944172874093056,0.14543241262435913,0.10405182093381882,-0.04658714309334755,0.026257410645484924,-0.17765647172927856,-0.035393089056015015,0.0028080842457711697,-0.023757511749863625,0.09436215460300446,-0.009972566738724709
-0.08739878982305527,0.10599098354578018,-0.010292556136846542,-0.04374617338180542,-0.07231861352920532,-0.04447763413190842,-0.07986334711313248,-0.14092542231082916,0.11890116333961487,-0.08003037422895432,0.27876168489456177,-0.09793940931558609,-0.23795121908187866,-0.10641849040985107,-0.08970525115728378,0.14849823713302612,-0.19403418898582458,-0.10231192409992218,-0.01700318604707718,0.0022129444405436516,0.11435890197753906,-0.07756181061267853,0.026273088529706,0.03905095160007477,-0.0856957659125328,-0.31616342067718506,-0.09347975254058838,-0.02174658700823784,0.06343661993741989,-0.08395562320947647,-0.04104749113321304,-0.0026315313298255205,-0.19126246869564056,-0.0647459551692009,0.01583019271492958,0.07836102694272995,-0.022525478154420853,-0.041036833077669144,0.2100345939397812,-0.027962196618318558,-0.18412841856479645,0.010622318834066391,0.04046881943941116,0.24723300337791443,0.197540283203125,0.04911402612924576,0.004963718354701996,-0.18623220920562744,0.09114296734333038,-0.1306491196155548,0.014213732443749905,0.20095151662826538,0.057249829173088074,0.05757538229227066,-0.04563466086983681,-0.07654262334108353,0.025427892804145813,0.14550480246543884,-0.11968526244163513,0.0024254636373370886,0.1144348531961441,-0.06726188957691193,-0.0183582566678524,-0.09176023304462433,0.18174444139003754,0.03810325637459755,-0.10877225548028946,-0.22341546416282654,0.09305953234434128,-0.17584013938903809,-0.10042230784893036,0.04384839907288551,-0.12010160088539124,-0.1636548489332199,-0.3382294476032257,-0.013697227463126183,0.3822428286075592,0.09390824288129807,-0.15317460894584656,0.05129654332995415,-0.05970863625407219,-0.07518626749515533,0.12785552442073822,0.11300288140773773,-0.0480339452624321,0.010590552352368832,-0.11546466499567032,0.001969696953892708,0.22756341099739075,-0.062010928988456726,-0.002882250351831317,0.1769065409898758,-0.005579519085586071,0.07517340779304504,0.03346371278166771,0.04972202703356743,-0.10571461915969849,0.06783106178045273,-0.12116902321577072,-0.027984818443655968,0.01844136230647564,-0.08178907632827759,0.03494254872202873,0.11885064095258713,-0.15918612480163574,0.12171345204114914,0.005997114814817905,0.04006293788552284,0.04544658213853836,-0.0015031424118205905,-0.09961003810167313,-0.0974382609128952,0.1404506266117096,-0.2105037122964859,0.18212513625621796,0.19789791107177734,0.14454473555088043,0.06819431483745575,0.1592703014612198,0.10861361771821976,-0.01400915626436472,0.034768834710121155,-0.17433516681194305,0.000507724704220891,-0.001006344798952341,-0.018931735306978226,0.09403575211763382,-0.012782307341694832
-0.10712744295597076,0.09580639004707336,0.005460984073579311,-0.007640533149242401,-0.047023795545101166,-0.051908984780311584,-0.07643244415521622,-0.16194115579128265,0.1257491409778595,-0.08362571150064468,0.26408690214157104,-0.09513279795646667,-0.2120126187801361,-0.13809268176555634,-0.0674753338098526,0.15539181232452393,-0.1894063800573349,-0.11983048915863037,-0.06115579605102539,-0.003952585160732269,0.091408371925354,-0.04771614074707031,0.035020723938941956,0.034785348922014236,-0.0828479751944542,-0.3413105010986328,-0.07815798372030258,-0.05221164599061012,0.06586072593927383,-0.027924861758947372,-0.05144587904214859,0.00726463133469224,-0.19164755940437317,-0.08678340166807175,0.033466313034296036,0.09937122464179993,-0.03733324632048607,-0.027396947145462036,0.21368011832237244,-0.031138041988015175,-0.18475529551506042,0.03274980187416077,0.03468167409300804,0.24602897465229034,0.2158403992652893,0.04992400109767914,0.009471787139773369,-0.19749586284160614,0.13458164036273956,-0.12320589274168015,-0.022669842466711998,0.22074353694915771,0.0748329609632492,0.07258908450603485,-0.01995326578617096,-0.05444915592670441,0.04547201097011566,0.13275288045406342,-0.1402117908000946,-0.00258426321670413,0.10379530489444733,-0.07501659542322159,-0.028493136167526245,-0.07959605008363724,0.16962078213691711,0.03162706643342972,-0.09982653707265854,-0.22342166304588318,0.10080509632825851,-0.1748621165752411,-0.09596631675958633,0.06466207653284073,-0.13813090324401855,-0.16060979664325714,-0.3533901274204254,-0.030572162941098213,0.3961677551269531,0.07384691387414932,-0.16183620691299438,0.039854615926742554,-0.059759471565485,-0.05536012351512909,0.13080306351184845,0.11023472249507904,-0.050084419548511505,-0.015607601962983608,-0.1203732118010521,-0.018276019021868706,0.2203403115272522,-0.0546848326921463,-0.0021216864697635174,0.16888310015201569,0.011158201843500137,0.06626017391681671,0.03614374250173569,0.0573754608631134,-0.10992268472909927,0.05210934951901436,-0.12837426364421844,-0.04260630905628204,0.0334625206887722,-0.0528530552983284,0.054209012538194656,0.09500650316476822,-0.14019930362701416,0.12665602564811707,-0.003772046184167266,0.065923310816288,0.06439251452684402,-0.009267015382647514,-0.09209632873535156,-0.09211957454681396,0.1338193118572235,-0.1917806714773178,0.1799403727054596,0.18463093042373657,0.11079496890306473,0.06278590112924576,0.1387309432029724,0.10990650206804276,-0.06569083034992218,0.054610833525657654,-0.18067830801010132,-0.025742357596755028,-0.00034068990498781204,0.009044832549989223,0.08295408636331558,-0.021102046594023705
-0.05744999274611473,0.13348767161369324,-0.02256632037460804,-0.002044461201876402,-0.0681023895740509,-0.05814209580421448,-0.0631055012345314,-0.1637120097875595,0.10344484448432922,-0.05749791860580444,0.2749037742614746,-0.12029685080051422,-0.2333662360906601,-0.11825652420520782,-0.06166056916117668,0.11546710878610611,-0.19492419064044952,-0.1176263615489006,-0.04838511347770691,-0.0017131371423602104,0.09416841715574265,-0.05515960231423378,0.05885462462902069,0.05535107105970383,-0.07820308208465576,-0.3563331663608551,-0.09916876256465912,-0.05221640318632126,0.09591645747423172,-0.07527634501457214,-0.0532187856733799,0.0018628608668223023,-0.16880831122398376,-0.0907573401927948,0.030649922788143158,0.06285105645656586,-0.0215864647179842,-0.049229588359594345,0.21401336789131165,-0.04045168310403824,-0.2072581946849823,0.030528701841831207,0.052159179002046585,0.248639315366745,0.2130037546157837,0.04211598262190819,-0.0067734792828559875,-0.1822209507226944,0.08704935014247894,-0.09312108904123306,0.003552725538611412,0.22376035153865814,0.09950241446495056,0.07143761217594147,-0.043793048709630966,-0.0491732694208622,0.0014709308743476868,0.14310882985591888,-0.14111268520355225,-0.019914790987968445,0.103609599173069,-0.04670827090740204,-0.012467654421925545,-0.09086617082357407,0.16724498569965363,0.05830751359462738,-0.10721423476934433,-0.2128528356552124,0.10806417465209961,-0.20379318296909332,-0.11971727758646011,0.058360323309898376,-0.11804066598415375,-0.1472877562046051,-0.3064379096031189,-0.034932941198349,0.39046305418014526,0.07252319157123566,-0.16484586894512177,0.01683940552175045,-0.08031905442476273,-0.07361477613449097,0.10094514489173889,0.11042871326208115,-0.06612272560596466,-0.012693229131400585,-0.10924459993839264,-0.011782737448811531,0.21173441410064697,-0.05251175910234451,-0.01753058470785618,0.1745174080133438,0.0031759673729538918,0.08901366591453552,0.06485208868980408,0.07392866164445877,-0.10746932029724121,0.0677822083234787,-0.1266222447156906,-0.025441443547606468,0.01215321198105812,-0.0890132263302803,0.026445619761943817,0.11245590448379517,-0.1488105058670044,0.13180573284626007,0.032348114997148514,0.05273006483912468,0.08797197043895721,0.02580418810248375,-0.06316444277763367,-0.1160639300942421,0.14568369090557098,-0.2312445491552353,0.18293873965740204,0.18740007281303406,0.1144573986530304,0.06491849571466446,0.11613524705171585,0.11528557538986206,-0.028815802186727524,0.008547303266823292,-0.18675413727760315,-0.024774953722953796,-0.002439318224787712,-0.018295250833034515,0.05555757135152817,-0.022102121263742447
-0.1074361503124237,0.11688026785850525,0.014414576813578606,0.002842842834070325,-0.04834236577153206,-0.037613339722156525,-0.0922965332865715,-0.133882075548172,0.09792215377092361,-0.07991666346788406,0.24814194440841675,-0.0850992351770401,-0.24633237719535828,-0.09408948570489883,-0.0832158699631691,0.15063564479351044,-0.1983060985803604,-0.09959326684474945,-0.05157306045293808,-0.017752565443515778,0.11721057444810867,-0.030321752652525902,0.03011721558868885,0.023463057354092598,-0.11338993161916733,-0.320366770029068,-0.08096451312303543,-0.03409826010465622,0.06099303811788559,-0.05595066770911217,-0.029482075944542885,-0.014890973456203938,-0.17169328033924103,-0.040867216885089874,0.02259838953614235,0.10937640815973282,-0.024410605430603027,-0.03580513596534729,0.22833292186260223,-0.030109042301774025,-0.18309541046619415,0.041815049946308136,0.03584674373269081,0.25118640065193176,0.21498887240886688,0.049267325550317764,0.00971898902207613,-0.19427582621574402,0.11976150423288345,-0.13440972566604614,-0.00884147360920906,0.2277088761329651,0.0443388931453228,0.08443942666053772,-0.021507713943719864,-0.06351188570261002,0.03411080315709114,0.14062313735485077,-0.1272697150707245,-0.022908953949809074,0.1058226227760315,-0.06671992689371109,-0.001366250216960907,-0.09761987626552582,0.143787682056427,0.01696786656975746,-0.10639841109514236,-0.22182597219944,0.10131670534610748,-0.20662066340446472,-0.10698654502630234,0.06530877947807312,-0.11792934685945511,-0.14905396103858948,-0.3590368628501892,-0.02980688400566578,0.39594215154647827,0.09331288188695908,-0.14074978232383728,0.047252293676137924,-0.03429892286658287,-0.09121888130903244,0.13166825473308563,0.11647479236125946,-0.046994030475616455,-0.0137183191254735,-0.1049894317984581,0.01110046450048685,0.24093115329742432,-0.04108063876628876,0.003759135026484728,0.1576431840658188,0.027093248441815376,0.07359719276428223,0.037958379834890366,0.05731591954827309,-0.11329073458909988,0.04876155033707619,-0.11268986016511917,-0.0054597859270870686,-0.005507219582796097,-0.07146349549293518,0.041700202971696854,0.10479085892438889,-0.13784028589725494,0.15426446497440338,0.0001142541877925396,0.03855784609913826,0.03548754006624222,0.00506995152682066,-0.10958178341388702,-0.0610392801463604,0.1604234129190445,-0.20566880702972412,0.1734786480665207,0.19735008478164673,0.10847076028585434,0.05700888857245445,0.14517804980278015,0.12457688897848129,-0.06210778281092644,0.059436190873384476,-0.2079118937253952,-0.03460783138871193,-0.015393096953630447,-0.023768704384565353,0.09300503134727478,-0.012694640085101128
-0.10327436029911041,0.13907858729362488,0.041739728301763535,-0.03324316814541817,-0.06807688623666763,-0.03384225070476532,-0.09148632735013962,-0.12183830142021179,0.11210767924785614,-0.06260721385478973,0.26426926255226135,-0.08092638850212097,-0.2521553933620453,-0.09828540682792664,-0.07925819605588913,0.1727239042520523,-0.18062689900398254,-0.12390486896038055,-0.06927897781133652,0.00018368568271398544,0.10747156292200089,-0.024500854313373566,0.052125249058008194,0.023168206214904785,-0.13114413619041443,-0.34573206305503845,-0.07508563250303268,-0.017526080831885338,0.027507105842232704,-0.0681832954287529,-0.036931365728378296,0.0055061341263353825,-0.17938564717769623,-0.021666431799530983,0.040470488369464874,0.1169857308268547,-0.016053581610322,-0.0428897999227047,0.2285195142030716,-0.007059196010231972,-0.2114182561635971,0.05491134524345398,0.036022432148456573,0.23434343934059143,0.22788488864898682,0.03939028084278107,0.03375731036067009,-0.19020266830921173,0.13713617622852325,-0.1256215125322342,0.01608717069029808,0.24059617519378662,0.056216951459646225,0.06152329966425896,-0.0075483163818717,-0.049897950142621994,0.01842295005917549,0.16332831978797913,-0.10459113866090775,-0.02458266355097294,0.11211330443620682,-0.07080747187137604,-0.03467640280723572,-0.108907550573349,0.13938069343566895,0.020379621535539627,-0.12831835448741913,-0.22650033235549927,0.10590657591819763,-0.16135989129543304,-0.11434336751699448,0.06264989078044891,-0.15607710182666779,-0.14476387202739716,-0.35098910331726074,-0.004051344469189644,0.39462903141975403,0.05400426313281059,-0.17709307372570038,0.050203531980514526,-0.029544692486524582,-0.05440084636211395,0.09641886502504349,0.1336641013622284,-0.0534077063202858,-0.01573282666504383,-0.11243033409118652,0.0019484004005789757,0.25415992736816406,-0.054095786064863205,0.003631188068538904,0.1768028885126114,0.01829606667160988,0.08775750547647476,0.025396576151251793,0.053533200174570084,-0.09389092028141022,0.04755524918437004,-0.10290144383907318,0.0024508479982614517,0.006594537757337093,-0.06997871398925781,0.001093282364308834,0.09655077010393143,-0.14582473039627075,0.12533427774906158,-0.0022701830603182316,0.05522622913122177,0.04172626510262489,0.01333670038729906,-0.10668940842151642,-0.09557971358299255,0.13971105217933655,-0.21474069356918335,0.1836167424917221,0.20281097292900085,0.09383878856897354,0.03790699318051338,0.1617528647184372,0.13032545149326324,-0.019897256046533585,0.07404573261737823,-0.17850656807422638,-0.04381881654262543,0.016364187002182007,-0.01595165766775608,0.07061959058046341,-0.012410257011651993
-0.10548802465200424,0.11785811185836792,0.014445360749959946,-0.024103902280330658,-0.052783139050006866,-0.05226922407746315,-0.07046850025653839,-0.14084936678409576,0.11989811062812805,-0.047685496509075165,0.2535618245601654,-0.07455553114414215,-0.22636103630065918,-0.12261760979890823,-0.07934514433145523,0.1880273073911667,-0.19707392156124115,-0.11049067974090576,-0.047669559717178345,-0.028867118060588837,0.12372615933418274,-0.06409995257854462,0.04779328405857086,0.02792971581220627,-0.12386368215084076,-0.3279842436313629,-0.07780338823795319,-0.035890158265829086,0.06810148060321808,-0.05119580402970314,-0.023088224232196808,-0.01393194030970335,-0.1996762752532959,-0.05884280055761337,0.0244731642305851,0.08983515202999115,-0.022307218983769417,-0.06980666518211365,0.2249671071767807,-0.02949589118361473,-0.19013310968875885,0.019077645614743233,0.05793248862028122,0.217204287648201,0.1912056803703308,0.03585347160696983,0.05148064345121384,-0.18633770942687988,0.13121895492076874,-0.12629510462284088,0.00342421792447567,0.200965017080307,0.013307685032486916,0.08296328783035278,-0.023147953674197197,-0.05811082571744919,0.04188717529177666,0.1483822464942932,-0.12968336045742035,0.0039020597469061613,0.11800076812505722,-0.052481211721897125,-0.04293941706418991,-0.09938421100378036,0.15087151527404785,0.022911058738827705,-0.11507134139537811,-0.2236839085817337,0.10497427731752396,-0.17320004105567932,-0.0935186818242073,0.04991669952869415,-0.1197320967912674,-0.15685845911502838,-0.36580175161361694,-0.012003730982542038,0.39730626344680786,0.0808473750948906,-0.15675197541713715,0.04283786192536354,-0.043768055737018585,-0.06664060056209564,0.13299787044525146,0.12853996455669403,-0.028269130736589432,0.015468521043658257,-0.11588731408119202,-0.00953737087547779,0.2469884604215622,-0.043095678091049194,0.002494583372026682,0.19863346219062805,0.023626796901226044,0.07880903780460358,0.0179449375718832,0.08926001936197281,-0.11933177709579468,0.05344223603606224,-0.10514164716005325,-0.012586240656673908,0.034093767404556274,-0.059487175196409225,0.02739034965634346,0.09655947983264923,-0.1315377950668335,0.13571542501449585,0.0020786758977919817,0.06694652885198593,0.03048166073858738,0.008671214804053307,-0.11461597681045532,-0.09747367352247238,0.12789411842823029,-0.18268877267837524,0.17584091424942017,0.21212321519851685,0.1068265438079834,0.04861085116863251,0.16104556620121002,0.12272356450557709,-0.028909534215927124,0.0479762926697731,-0.17815867066383362,-0.024265650659799576,-0.005474994890391827,-0.026040544733405113,0.06917133927345276,-0.0021885307505726814
-0.11466113477945328,0.13693515956401825,0.044524237513542175,-0.03520766273140907,-0.07317772507667542,-0.03762141615152359,-0.08910378813743591,-0.151142880320549,0.11584281921386719,-0.08162875473499298,0.26525354385375977,-0.05829533934593201,-0.2532561421394348,-0.08542349189519882,-0.07583879679441452,0.2001381516456604,-0.19266937673091888,-0.12578146159648895,-0.06500191241502762,-0.013405793346464634,0.09982667863368988,-0.04865412041544914,0.05259855091571808,0.023615539073944092,-0.09742924571037292,-0.3238271474838257,-0.07094242423772812,-0.016480084508657455,0.03624042868614197,-0.056954268366098404,-0.056397538632154465,0.006600920110940933,-0.16269709169864655,-0.02170482464134693,0.03509417921304703,0.10890669375658035,-0.04191321134567261,-0.0694112777709961,0.232322096824646,-0.018895786255598068,-0.21612471342086792,0.026201218366622925,0.05401766300201416,0.2101680189371109,0.21635347604751587,0.0175004955381155,0.037193335592746735,-0.19026286900043488,0.14121998846530914,-0.1339617669582367,0.00968674011528492,0.2153797447681427,0.06084609776735306,0.07352080941200256,0.0022263210266828537,-0.07358984649181366,0.03310200199484825,0.1444704681634903,-0.06556922197341919,-0.02678775042295456,0.12795166671276093,-0.07709068059921265,-0.040904805064201355,-0.1129288598895073,0.12712879478931427,0.03669573739171028,-0.10612336546182632,-0.24069324135780334,0.10323663800954819,-0.13426819443702698,-0.14846599102020264,0.06300804018974304,-0.159227192401886,-0.1428879052400589,-0.33965393900871277,-0.031341031193733215,0.41404372453689575,0.07870612293481827,-0.1641380488872528,0.029904872179031372,-0.035605862736701965,-0.07205601781606674,0.10976220667362213,0.1259748339653015,-0.04801485687494278,-0.02660290338099003,-0.12743158638477325,-0.009577279910445213,0.2564353942871094,-0.05711956322193146,-0.01238627266138792,0.15946555137634277,0.025520050898194313,0.11158256977796555,-0.001150873489677906,0.054321762174367905,-0.0962914526462555,0.07306972146034241,-0.12712718546390533,-0.03479748219251633,0.011783342808485031,-0.04884329065680504,0.0027428376488387585,0.10884323716163635,-0.14717532694339752,0.12779924273490906,0.012224906124174595,0.0776047483086586,0.045737914741039276,0.032726988196372986,-0.1189059391617775,-0.06966407597064972,0.12165419012308121,-0.17895230650901794,0.17684632539749146,0.220900759100914,0.11844217032194138,0.016689550131559372,0.17913319170475006,0.10724706947803497,-0.011486428789794445,0.05250153690576553,-0.20826874673366547,-0.04128888249397278,0.021276243031024933,-0.008186889812350273,0.05747051537036896,0.0050782435573637486
-0.08209671825170517,0.07495193183422089,0.033703967928886414,-0.06882882118225098,-0.06853052973747253,0.008027458563446999,-0.03981953114271164,-0.13217298686504364,0.11953889578580856,-0.06588053703308105,0.22809725999832153,-0.07434378564357758,-0.24314835667610168,-0.0914032831788063,-0.06438347697257996,0.18125613033771515,-0.20874351263046265,-0.11737252026796341,-0.09270031750202179,0.00320288073271513,0.07298358529806137,-0.012595824897289276,0.022987589240074158,0.012624423950910568,-0.07676436007022858,-0.32247042655944824,-0.056916069239377975,-0.037490978837013245,0.067083939909935,-0.0712154358625412,-0.0477333702147007,0.007340439595282078,-0.18436966836452484,-0.01617470756173134,0.013880723156034946,0.06911211460828781,-0.017742618918418884,-0.08573675155639648,0.21764639019966125,0.010404502041637897,-0.23160815238952637,0.023544125258922577,0.008041554130613804,0.19025038182735443,0.19409072399139404,0.014235573820769787,0.03648752719163895,-0.16366641223430634,0.10833190381526947,-0.16705459356307983,0.007641829550266266,0.19261978566646576,0.05270703136920929,0.038061633706092834,-0.05458460748195648,-0.1021769791841507,-0.034411415457725525,0.16061946749687195,-0.07807067036628723,0.005409472621977329,0.13032174110412598,-0.09148847311735153,-0.05509563907980919,-0.12046503275632858,0.13988323509693146,0.05137460678815842,-0.13617831468582153,-0.19311870634555817,0.09443480521440506,-0.12598872184753418,-0.09186230599880219,0.017435763031244278,-0.1359151303768158,-0.1391807198524475,-0.29532620310783386,-0.013285994529724121,0.3747001588344574,0.058823876082897186,-0.1787658929824829,0.008133519440889359,-0.09211240708827972,0.005775773897767067,0.12234095484018326,0.1366938203573227,-0.034153860062360764,0.014650663360953331,-0.07047999650239944,0.0005117086693644524,0.22014690935611725,-0.06398437917232513,0.01392454095184803,0.18445782363414764,-0.009286640211939812,0.08751285821199417,-0.018237264826893806,0.024845875799655914,-0.03944060951471329,0.054241664707660675,-0.07448319345712662,0.018384605646133423,0.019249845296144485,-0.049581415951251984,0.04704804718494415,0.10121703892946243,-0.1402406245470047,0.1291138082742691,0.015931611880660057,0.0677301362156868,0.09736230969429016,-0.018784185871481895,-0.06298937648534775,-0.07747470587491989,0.1495061218738556,-0.19496819376945496,0.1755717247724533,0.2197580486536026,0.07606382668018341,0.06188221275806427,0.15126824378967285,0.13005049526691437,-0.01656029000878334,0.04108952358365059,-0.22418247163295746,-0.0023554563522338867,0.054156482219696045,-0.0022665313445031643,0.05392131954431534,-0.011859671212732792
-0.12867054343223572,0.12827277183532715,0.03159930184483528,-0.0682654082775116,-0.08114932477474213,0.013878220692276955,-0.04795098304748535,-0.13717268407344818,0.1529984474182129,-0.060469917953014374,0.23078413307666779,-0.058318909257650375,-0.25344598293304443,-0.10814095288515091,-0.06964502483606339,0.18515871465206146,-0.2182403802871704,-0.14777113497257233,-0.041714735329151154,-0.00608269777148962,0.10411934554576874,-0.004296321887522936,0.022602790966629982,0.0027746232226490974,-0.09624727815389633,-0.34561002254486084,-0.05310824513435364,-0.03896491602063179,0.0392485186457634,-0.04217955470085144,-0.03361480310559273,0.016575463116168976,-0.19320355355739594,-0.01181069202721119,0.01355048082768917,0.08909796178340912,-0.017296258360147476,-0.048176392912864685,0.20948585867881775,0.01086403802037239,-0.22977760434150696,0.01612740010023117,0.02141057327389717,0.21116870641708374,0.18277129530906677,0.004328079987317324,0.03889353945851326,-0.16737303137779236,0.09121784567832947,-0.13524292409420013,0.014591609127819538,0.22505533695220947,0.06726691871881485,0.04376758262515068,-0.037786297500133514,-0.0922345295548439,-0.03777053579688072,0.15239863097667694,-0.08514606207609177,0.0017410397995263338,0.13124413788318634,-0.07884335517883301,-0.06250358372926712,-0.1237325444817543,0.15881451964378357,0.058598220348358154,-0.13350211083889008,-0.21502535045146942,0.08354984223842621,-0.1236761286854744,-0.13432645797729492,0.02449282631278038,-0.14473487436771393,-0.148005411028862,-0.31387844681739807,-0.012110456824302673,0.35430461168289185,0.05330243706703186,-0.1838604211807251,0.03173762932419777,-0.07248298078775406,-0.007233123295009136,0.11683398485183716,0.14828963577747345,-0.05254808068275452,0.04800540208816528,-0.0779036208987236,-0.007502462714910507,0.22069108486175537,-0.05013667792081833,-0.01001114584505558,0.2036706507205963,-0.0023146243765950203,0.09640252590179443,-0.007283538114279509,0.028937075287103653,-0.025504853576421738,0.04714765399694443,-0.09454609453678131,-0.015685338526964188,0.019214868545532227,-0.06107957288622856,0.022500045597553253,0.09224636852741241,-0.1584276556968689,0.11413417756557465,0.02162196859717369,0.0888952761888504,0.055852022022008896,-0.01507369615137577,-0.07662780582904816,-0.0655633881688118,0.1476517915725708,-0.2040918618440628,0.19852091372013092,0.2105351835489273,0.0685335248708725,0.07568077743053436,0.17516984045505524,0.10558061301708221,-0.01482358854264021,0.02368250861763954,-0.19625496864318848,-0.006449173670262098,0.060679905116558075,-0.008753344416618347,0.07210983335971832,0.005495406221598387
-0.1222519502043724,0.05326090008020401,-0.013533079996705055,-0.05715857446193695,-0.061867158859968185,-0.01369352638721466,-0.06352003663778305,-0.14198407530784607,0.1258675903081894,-0.09350738674402237,0.25884634256362915,-0.08382067829370499,-0.20928005874156952,-0.11254601180553436,-0.07960958778858185,0.16646961867809296,-0.17961156368255615,-0.11884842813014984,-0.0764077827334404,-0.024290502071380615,0.09070034325122833,-0.02485543116927147,-0.00666789710521698,0.0374608114361763,-0.0825088620185852,-0.3128075897693634,-0.06183189898729324,-0.027612760663032532,0.06365928798913956,-0.07217979431152344,-0.05822857469320297,0.017578277736902237,-0.1958446055650711,-0.056022267788648605,0.02733038365840912,0.1263066679239273,-0.007516541052609682,-0.039879441261291504,0.1951369196176529,-0.012445050291717052,-0.21936872601509094,0.024279480800032616,0.050100091844797134,0.24386000633239746,0.21740563213825226,0.033766601234674454,-0.022328251972794533,-0.19268473982810974,0.12617574632167816,-0.15583018958568573,-0.006803320720791817,0.19659189879894257,0.037472717463970184,0.05914885178208351,-0.03558564931154251,-0.058212149888277054,0.016850313171744347,0.13748568296432495,-0.10476041585206985,-0.014906045980751514,0.10049454122781754,-0.0822916179895401,-0.0488719567656517,-0.10678863525390625,0.15290798246860504,0.053087059408426285,-0.12053359299898148,-0.20962125062942505,0.10508257150650024,-0.16851696372032166,-0.1208062544465065,0.04340061545372009,-0.12220008671283722,-0.1589501053094864,-0.3434542715549469,-0.010147899389266968,0.42306891083717346,0.07313060760498047,-0.18378053605556488,0.05478433147072792,-0.028928689658641815,-0.057982973754405975,0.18000584840774536,0.14993850886821747,-0.022562742233276367,0.009327995590865612,-0.08156745135784149,0.012809136882424355,0.24324996769428253,-0.03827977925539017,0.010175643488764763,0.17173722386360168,0.0035510165616869926,0.08414673805236816,0.03807148337364197,0.09914316236972809,-0.06623490154743195,0.059514403343200684,-0.13456933200359344,-0.020477067679166794,0.05872587859630585,-0.04065607860684395,0.05225751921534538,0.1173064336180687,-0.13539531826972961,0.15057379007339478,0.022116178646683693,0.059953778982162476,0.08833424001932144,-0.018598901107907295,-0.049063540995121,-0.07560775429010391,0.1300382912158966,-0.18973954021930695,0.1754470318555832,0.19632279872894287,0.09802711755037308,0.06428806483745575,0.149550661444664,0.11201374232769012,-0.017846856266260147,0.04092605784535408,-0.21817120909690857,-0.016284015029668808,0.008217200636863708,-0.010775314643979073,0.07013782858848572,-0.014863159507513046
-0.1403137594461441,0.10766983032226562,0.012829575687646866,-0.07717079669237137,-0.08191154152154922,-0.03821771964430809,-0.06425926089286804,-0.15758047997951508,0.11664801836013794,-0.08027135580778122,0.24735824763774872,-0.07555121183395386,-0.2477106899023056,-0.10699648410081863,-0.08354029059410095,0.1891217827796936,-0.20031416416168213,-0.15151186287403107,-0.06250745803117752,-0.01173454336822033,0.10472773760557175,0.007853802293539047,0.026147276163101196,0.04720170050859451,-0.09322516620159149,-0.3310041129589081,-0.04288706183433533,-0.01903146505355835,0.03151319548487663,-0.05618587136268616,-0.051761507987976074,0.020803246647119522,-0.21305906772613525,-0.03359216824173927,0.04324489086866379,0.139482781291008,-0.013423509895801544,-0.05531314015388489,0.1969812661409378,-0.018324002623558044,-0.23003019392490387,0.02632155828177929,0.05710370093584061,0.22848227620124817,0.2129262238740921,0.022719962522387505,-0.0002513378858566284,-0.19845739006996155,0.13114799559116364,-0.15486767888069153,0.006843927316367626,0.20366480946540833,0.04447782784700394,0.04309655725955963,-0.02084871381521225,-0.080205038189888,0.016943220049142838,0.12367860227823257,-0.09319450706243515,-0.029967909678816795,0.11449716240167618,-0.08763086795806885,-0.036594875156879425,-0.1296238899230957,0.16380557417869568,0.025610601529479027,-0.12567836046218872,-0.22057309746742249,0.09897171705961227,-0.1622992604970932,-0.13464322686195374,0.06227274239063263,-0.12893915176391602,-0.1293196827173233,-0.34382182359695435,-0.028141003102064133,0.39893272519111633,0.05305301398038864,-0.18319140374660492,0.053229134529829025,-0.04650714620947838,-0.03946632519364357,0.13377252221107483,0.14091289043426514,-0.02337423712015152,0.004138165153563023,-0.1233339011669159,-0.002142377197742462,0.26436859369277954,-0.050730083137750626,-0.00678047351539135,0.1927202343940735,0.012991294264793396,0.09642236679792404,0.03063337132334709,0.07605695724487305,-0.08266060799360275,0.055237408727407455,-0.10389581322669983,-0.009904574602842331,0.03055877797305584,-0.050421904772520065,0.010946325026452541,0.13247838616371155,-0.13767999410629272,0.12424156814813614,-0.0028064644429832697,0.07721531391143799,0.07111330330371857,-0.0022655175998806953,-0.07574434578418732,-0.10739163309335709,0.10692918300628662,-0.20036357641220093,0.19108496606349945,0.1944499909877777,0.08002475649118423,0.05206826701760292,0.13859115540981293,0.11427992582321167,-0.025652706623077393,0.05264197289943695,-0.20960856974124908,-0.03770923987030983,0.04142715781927109,-0.020934004336595535,0.07527915388345718,0.000381269957870245
-0.07872948795557022,0.07269410789012909,-0.018628975376486778,-0.015631400048732758,-0.09759999811649323,-0.02651285193860531,-0.07621275633573532,-0.16117922961711884,0.10328741371631622,-0.08164907991886139,0.22777891159057617,-0.09208960086107254,-0.21837778389453888,-0.10341928154230118,-0.07401444762945175,0.15519532561302185,-0.22394578158855438,-0.13336414098739624,-0.03927919641137123,0.014076987281441689,0.09345479309558868,-0.054394956678152084,0.03399468585848808,0.023982156068086624,-0.11844319105148315,-0.31637078523635864,-0.09346655756235123,-0.0502539798617363,0.08389394730329514,-0.0681644156575203,-0.03463328257203102,-0.021679505705833435,-0.15746819972991943,-0.04383295401930809,0.04783521592617035,0.08912432193756104,-0.05174887552857399,-0.07044234126806259,0.20451036095619202,-0.038387030363082886,-0.2240666300058365,0.009205067530274391,0.07837288081645966,0.21135172247886658,0.2059021294116974,0.043070945888757706,0.0010119881480932236,-0.1780136227607727,0.1104777455329895,-0.14210502803325653,-0.020388683304190636,0.19063898921012878,0.06899670511484146,0.08599857985973358,-0.02137310802936554,-0.0630992203950882,0.027800394222140312,0.1637074053287506,-0.12941370904445648,0.018410062417387962,0.11450182646512985,-0.08200710266828537,-0.003089617006480694,-0.09036149829626083,0.16244670748710632,0.026911795139312744,-0.12306131422519684,-0.20607240498065948,0.08796247839927673,-0.18812547624111176,-0.11750061064958572,0.0643828883767128,-0.09995773434638977,-0.17577438056468964,-0.31665608286857605,-0.05823264271020889,0.42545899748802185,0.108416348695755,-0.12734486162662506,0.025099709630012512,-0.03719261661171913,-0.06861121952533722,0.10457447916269302,0.1248125284910202,-0.04535415768623352,-0.007449490018188953,-0.10758145898580551,-0.009697862900793552,0.23030968010425568,-0.06504258513450623,0.018875814974308014,0.1558505743741989,-0.0066495658829808235,0.08888369053602219,0.01964833214879036,0.05933393910527229,-0.11336912214756012,0.06511495262384415,-0.08785171806812286,-0.0447281189262867,0.013329206965863705,-0.07887785136699677,0.07709953933954239,0.09792853891849518,-0.11082667112350464,0.1446119248867035,0.011901168152689934,0.04786329343914986,0.06574603915214539,0.016836591064929962,-0.078412264585495,-0.07160171866416931,0.14218798279762268,-0.22255684435367584,0.18856090307235718,0.20143944025039673,0.11752450466156006,0.0640135109424591,0.13670596480369568,0.11415614187717438,-0.051165707409381866,0.03800233453512192,-0.1782868355512619,-0.021822815760970116,-0.022693686187267303,-0.03160974383354187,0.0987318679690361,-0.020083561539649963
-0.06702914088964462,0.10592538118362427,-0.002467865590006113,-0.009064550511538982,-0.09101413190364838,-0.012555534020066261,-0.06186391040682793,-0.12818725407123566,0.11942273378372192,-0.050163984298706055,0.2509826719760895,-0.07963959872722626,-0.2535015940666199,-0.07794271409511566,-0.08514273166656494,0.15102866291999817,-0.22005562484264374,-0.11675567179918289,-0.05710414797067642,0.0025780117139220238,0.12192743271589279,-0.02784590795636177,0.033974770456552505,0.03205791115760803,-0.10855705291032791,-0.3447321653366089,-0.07053259760141373,-0.04779238998889923,0.08033666014671326,-0.0656612440943718,-0.010428610257804394,-0.0054756710305809975,-0.17163315415382385,-0.032275885343551636,0.03618351370096207,0.10922214388847351,-0.05679819732904434,-0.06591631472110748,0.20749473571777344,-0.009238451719284058,-0.2058224081993103,0.006616972386837006,0.041346658021211624,0.22339096665382385,0.21754658222198486,0.03741362690925598,0.018613599240779877,-0.1621091514825821,0.0782417431473732,-0.15977169573307037,-0.01500660553574562,0.21767619252204895,0.058537986129522324,0.08748598396778107,-0.02688409388065338,-0.06409192830324173,0.010142725892364979,0.1584283411502838,-0.13777156174182892,0.0036433269269764423,0.11222553998231888,-0.09828542917966843,-0.036697812378406525,-0.09230966866016388,0.14746473729610443,0.03909672796726227,-0.1178978905081749,-0.21309982240200043,0.10838643461465836,-0.20248211920261383,-0.13375617563724518,0.06121264398097992,-0.1134599894285202,-0.15840178728103638,-0.3159933388233185,-0.0353107675909996,0.4483336806297302,0.0880943164229393,-0.14316816627979279,0.020090902224183083,-0.027532054111361504,-0.057664018124341965,0.11449358612298965,0.12834036350250244,-0.03371233865618706,-0.018630286678671837,-0.11993664503097534,0.017877932637929916,0.20860053598880768,-0.06273955851793289,-0.00011813140008598566,0.1670261025428772,-0.005003919824957848,0.09051670134067535,0.03383958339691162,0.05751302093267441,-0.08474290370941162,0.06988818943500519,-0.09863460808992386,-0.033633265644311905,0.014684216119349003,-0.06294490396976471,0.0473034530878067,0.0826171338558197,-0.09195876121520996,0.13046446442604065,0.009358572773635387,0.04288125038146973,0.07521378248929977,-0.004336015786975622,-0.09936085343360901,-0.07737632095813751,0.17041908204555511,-0.21741534769535065,0.19018101692199707,0.20270273089408875,0.08898656815290451,0.05808471143245697,0.13295571506023407,0.12726789712905884,-0.02947814017534256,0.023136837407946587,-0.21119917929172516,-0.023488106206059456,-0.027592627331614494,-0.023396141827106476,0.06411480903625488,-0.03744920343160629
